{
  "modelWeights": {
    "model1": 0.989901,
    "model2": 0.989901,
    "model3": 0.989901,
    "model4": 0.989901,
    "model5": 0.989901,
    "model6": 0.989901,
    "model7": 0.989901,
    "model8": 0.989901,
    "model9": 0.989901,
    "model10": 0.989901,
    "model11": 0.989901,
    "model12": 0.989901,
    "model13": 0.989901,
    "model14": 0.989901,
    "model15": 0.989901,
    "model16": 0.989901,
    "model17": 0.989901,
    "model18": 0.989901,
    "model19": 0.989901,
    "model20": 0.989901,
    "model21": 0.989901
  },
  "subModelWeights": {
    "sub_model_1": 0.9949751249999998,
    "sub_model_2": 0.9949751249999998,
    "sub_model_3": 0.9949751249999998,
    "sub_model_4": 0.9949751249999998,
    "sub_model_5": 0.9949751249999998,
    "sub_model_6": 0.9949751249999998,
    "sub_model_7": 0.9949751249999998,
    "sub_model_8": 0.9949751249999998,
    "sub_model_9": 0.9949751249999998,
    "sub_model_10": 0.9949751249999998,
    "sub_model_11": 0.9949751249999998,
    "sub_model_12": 0.9949751249999998,
    "sub_model_13": 0.9949751249999998,
    "sub_model_14": 0.9949751249999998,
    "sub_model_15": 0.9949751249999998,
    "sub_model_16": 0.9949751249999998,
    "sub_model_17": 0.9949751249999998,
    "sub_model_18": 0.9949751249999998,
    "sub_model_19": 0.9949751249999998,
    "sub_model_20": 0.9949751249999998,
    "sub_model_21": 0.9949751249999998,
    "sub_model_22": 0.9949751249999998,
    "sub_model_23": 0.9949751249999998,
    "sub_model_24": 0.9949751249999998,
    "sub_model_25": 0.9949751249999998,
    "sub_model_26": 0.9949751249999998,
    "sub_model_27": 0.9949751249999998,
    "sub_model_28": 0.9949751249999998,
    "sub_model_29": 0.9949751249999998,
    "sub_model_30": 0.9949751249999998,
    "sub_model_31": 0.9949751249999998,
    "sub_model_32": 0.9949751249999998,
    "sub_model_33": 0.9949751249999998,
    "sub_model_34": 0.9949751249999998,
    "sub_model_35": 0.9949751249999998,
    "sub_model_36": 0.9949751249999998,
    "sub_model_37": 0.9949751249999998,
    "sub_model_38": 0.9949751249999998,
    "sub_model_39": 0.9949751249999998,
    "sub_model_40": 0.9949751249999998,
    "sub_model_41": 0.9949751249999998,
    "sub_model_42": 0.9949751249999998
  },
  "miniModelWeights": {
    "mini_model_1": 0.9969910269999999,
    "mini_model_2": 0.9969910269999999,
    "mini_model_3": 0.9969910269999999,
    "mini_model_4": 0.9969910269999999,
    "mini_model_5": 0.9969910269999999,
    "mini_model_6": 0.9969910269999999,
    "mini_model_7": 0.9969910269999999,
    "mini_model_8": 0.9969910269999999,
    "mini_model_9": 0.9969910269999999,
    "mini_model_10": 0.9969910269999999,
    "mini_model_11": 0.9969910269999999,
    "mini_model_12": 0.9969910269999999,
    "mini_model_13": 0.9969910269999999,
    "mini_model_14": 0.9969910269999999,
    "mini_model_15": 0.9969910269999999,
    "mini_model_16": 0.9969910269999999,
    "mini_model_17": 0.9969910269999999,
    "mini_model_18": 0.9969910269999999,
    "mini_model_19": 0.9969910269999999,
    "mini_model_20": 0.9969910269999999,
    "mini_model_21": 0.9969910269999999
  }
}